<?xml version="1.0" encoding="UTF-8"?>
<configurationDescriptor version="90">
  <logicalFolder name="root" displayName="root" projectFiles="true" kind="ROOT">
    <logicalFolder name="gps_data" displayName="gps_data" projectFiles="true">
      <itemPath>gps_data/gps_1.dat</itemPath>
      <itemPath>gps_data/gps_2.dat</itemPath>
    </logicalFolder>
    <logicalFolder name="HeaderFiles"
                   displayName="Header Files"
                   projectFiles="true">
      <itemPath>gps_data/data_coordinator.h</itemPath>
      <itemPath>gps_data/date_manipulation.h</itemPath>
      <itemPath>gps_data/file_handler.h</itemPath>
      <itemPath>gps_data/offset_handler.h</itemPath>
      <itemPath>gps_data/sentence_handler.h</itemPath>
      <itemPath>gps_data/stream_components.h</itemPath>
      <itemPath>gps_data/xml_creator.h</itemPath>
    </logicalFolder>
    <logicalFolder name="ResourceFiles"
                   displayName="Resource Files"
                   projectFiles="true">
    </logicalFolder>
    <logicalFolder name="SourceFiles"
                   displayName="Source Files"
                   projectFiles="true">
      <itemPath>gps_data/data_coordinator.c</itemPath>
      <itemPath>gps_data/date_manipulation.c</itemPath>
      <itemPath>file_handler.c</itemPath>
      <itemPath>main.c</itemPath>
      <itemPath>gps_data/offset_handler.c</itemPath>
      <itemPath>gps_data/sentence_handler.c</itemPath>
      <itemPath>gps_data/stream_components.c</itemPath>
      <itemPath>gps_data/xml_creator.c</itemPath>
    </logicalFolder>
    <logicalFolder name="TestFiles"
                   displayName="Test Files"
                   projectFiles="false"
                   kind="TEST_LOGICAL_FOLDER">
    </logicalFolder>
    <logicalFolder name="ExternalFiles"
                   displayName="Important Files"
                   projectFiles="false"
                   kind="IMPORTANT_FILES_FOLDER">
      <itemPath>Makefile</itemPath>
    </logicalFolder>
  </logicalFolder>
  <sourceRootList>
    <Elem>gps_data</Elem>
  </sourceRootList>
  <projectmakefile>Makefile</projectmakefile>
  <confs>
    <conf name="Debug" type="1">
      <toolsSet>
        <compilerSet>default</compilerSet>
        <dependencyChecking>true</dependencyChecking>
        <rebuildPropChanged>false</rebuildPropChanged>
      </toolsSet>
      <compileType>
        <cTool>
          <standard>2</standard>
          <commandLine>-D_BSD_SOURCE</commandLine>
          <warningLevel>3</warningLevel>
        </cTool>
      </compileType>
      <item path="file_handler.c" ex="false" tool="0" flavor2="0">
      </item>
      <item path="gps_data/data_coordinator.c" ex="false" tool="0" flavor2="0">
      </item>
      <item path="gps_data/data_coordinator.h" ex="false" tool="3" flavor2="0">
      </item>
      <item path="gps_data/date_manipulation.c" ex="false" tool="0" flavor2="0">
      </item>
      <item path="gps_data/date_manipulation.h" ex="false" tool="3" flavor2="0">
      </item>
      <item path="gps_data/file_handler.h" ex="false" tool="3" flavor2="0">
      </item>
      <item path="gps_data/gps_1.dat" ex="false" tool="3" flavor2="0">
      </item>
      <item path="gps_data/gps_2.dat" ex="false" tool="3" flavor2="0">
      </item>
      <item path="gps_data/offset_handler.c" ex="false" tool="0" flavor2="0">
      </item>
      <item path="gps_data/offset_handler.h" ex="false" tool="3" flavor2="0">
      </item>
      <item path="gps_data/sentence_handler.c" ex="false" tool="0" flavor2="0">
      </item>
      <item path="gps_data/sentence_handler.h" ex="false" tool="3" flavor2="0">
      </item>
      <item path="gps_data/stream_components.c" ex="false" tool="0" flavor2="0">
      </item>
      <item path="gps_data/stream_components.h" ex="false" tool="3" flavor2="0">
      </item>
      <item path="gps_data/xml_creator.c" ex="false" tool="0" flavor2="0">
      </item>
      <item path="gps_data/xml_creator.h" ex="false" tool="3" flavor2="0">
      </item>
      <item path="main.c" ex="false" tool="0" flavor2="0">
      </item>
    </conf>
    <conf name="Release" type="1">
      <toolsSet>
        <compilerSet>default</compilerSet>
        <dependencyChecking>true</dependencyChecking>
        <rebuildPropChanged>false</rebuildPropChanged>
      </toolsSet>
      <compileType>
        <cTool>
          <developmentMode>5</developmentMode>
        </cTool>
        <ccTool>
          <developmentMode>5</developmentMode>
        </ccTool>
        <fortranCompilerTool>
          <developmentMode>5</developmentMode>
        </fortranCompilerTool>
        <asmTool>
          <developmentMode>5</developmentMode>
        </asmTool>
      </compileType>
      <item path="file_handler.c" ex="false" tool="0" flavor2="0">
      </item>
      <item path="gps_data/data_coordinator.c" ex="false" tool="0" flavor2="0">
      </item>
      <item path="gps_data/data_coordinator.h" ex="false" tool="3" flavor2="0">
      </item>
      <item path="gps_data/date_manipulation.c" ex="false" tool="0" flavor2="0">
      </item>
      <item path="gps_data/date_manipulation.h" ex="false" tool="3" flavor2="0">
      </item>
      <item path="gps_data/file_handler.h" ex="false" tool="3" flavor2="0">
      </item>
      <item path="gps_data/gps_1.dat" ex="false" tool="3" flavor2="0">
      </item>
      <item path="gps_data/gps_2.dat" ex="false" tool="3" flavor2="0">
      </item>
      <item path="gps_data/offset_handler.c" ex="false" tool="0" flavor2="0">
      </item>
      <item path="gps_data/offset_handler.h" ex="false" tool="3" flavor2="0">
      </item>
      <item path="gps_data/sentence_handler.c" ex="false" tool="0" flavor2="0">
      </item>
      <item path="gps_data/sentence_handler.h" ex="false" tool="3" flavor2="0">
      </item>
      <item path="gps_data/stream_components.c" ex="false" tool="0" flavor2="0">
      </item>
      <item path="gps_data/stream_components.h" ex="false" tool="3" flavor2="0">
      </item>
      <item path="gps_data/xml_creator.c" ex="false" tool="0" flavor2="0">
      </item>
      <item path="gps_data/xml_creator.h" ex="false" tool="3" flavor2="0">
      </item>
      <item path="main.c" ex="false" tool="0" flavor2="0">
      </item>
    </conf>
  </confs>
</configurationDescriptor>
